"ID","Gender","Age","Occupation","Physical_Activity_Level","Stress_Level","BMI_Category","Heart_Rate","Daily_Steps","Sleep_Disorder","Temp","Mood","History","Quality_of_Sleep","Sleep_Duration"
311,"Female",49,"Nurse",90,8,"Overweight",75,10000,"Sleep Apnea",-1.27834089588803,0.440785775811875,5.40708816503338,7.47411564025795,6.2
207,"Male",30,"Doctor",75,6,"Normal",70,8000,"None",-0.826910435308399,0.69139919288312,5.83961651591586,7.97960039619112,7.7
169,"Male",35,"Engineer",60,4,"Normal",65,5000,"None",1.13955484215383,0.909316000131805,7.03956950170993,5.90268597819276,7.3
149,"Male",39,"Lawyer",60,5,"Normal",68,8000,"None",2.06980119564474,0.741677239810744,4.464130470786,8.12782609987463,7.2
98,"Female",50,"Nurse",90,8,"Overweight",75,10000,"Sleep Apnea",-2.90742504949824,0.418233342800011,3.0682913988466,8.0991388796428,6
243,"Male",31,"Doctor",75,6,"Normal",70,8000,"None",-0.17329104240488,0.655101991760305,7.12095447805588,6.62520716275864,7.7
348,"Male",32,"Doctor",30,8,"Normal",72,5000,"None",3.36430443828902,0.53739682230512,4.32193588451561,6.57916928564962,6
145,"Female",52,"Engineer",30,3,"Normal",65,5000,"None",1,0.97043570132271,8.35271225231248,8.40737297454263,8.4
209,"Female",36,"Teacher",60,4,"Normal",68,7000,"Sleep Apnea",0.744508474911877,0.835974083946757,8.82258239691468,5.05478594217104,7.2
305,"Male",44,"Salesperson",45,7,"Overweight",72,6000,"Insomnia",2.69904176855002,0.567016761225759,4.65232848994187,5.13416936766397,6.3
308,"Female",50,"Nurse",90,8,"Overweight",75,10000,"Sleep Apnea",1.12879567317049,0.369313638575749,6.79265444841413,7.94437705415554,6
229,"Male",32,"Doctor",30,8,"Normal",72,5000,"None",1.62072716180757,0.529409382432354,4.03711597458667,6.37059700496816,6
4,"Male",32,"Doctor",30,8,"Normal",72,5000,"None",0.965090132052332,0.503967210715364,1.74557272709164,5.69120444164043,6
201,"Female",56,"Doctor",90,3,"Normal Weight",65,10000,"None",1,0.953393991098978,7.17351363588382,7.41420836538349,8.2
202,"Female",44,"Teacher",45,4,"Overweight",65,6000,"Insomnia",0.790882206468315,0.848529947105699,7.98698416399739,6.80080829567484,6.6
81,"Male",42,"Lawyer",90,5,"Normal",70,8000,"None",-0.571653345475127,0.715922966806891,8.73826763781321,7.85556354407314,7.8
360,"Male",30,"Doctor",75,6,"Normal",70,8000,"None",2.26963146771887,0.624347199935886,7.77515153398225,7.46719914263218,7.7
340,"Male",44,"Salesperson",45,7,"Overweight",72,6000,"Insomnia",-3.24214637834174,0.516481617042023,5.24733640173793,6.4985535349919,6.3
77,"Male",38,"Lawyer",60,5,"Normal",68,8000,"Sleep Apnea",2.08134846226792,0.71047933556977,7.92369593506045,8.24880688028034,7.1
176,"Female",50,"Nurse",90,8,"Overweight",75,10000,"Sleep Apnea",-3.38137476705493,0.364065714689889,5.04782647585828,6.38259384438299,6.1
161,"Male",37,"Lawyer",60,5,"Normal",68,8000,"None",-2.07731501132623,0.726212208268457,5.48903597945873,8.78229245563689,7.4
226,"Female",49,"Nurse",90,8,"Overweight",75,10000,"Sleep Apnea",-6.38616919854258,0.360697034269368,3.41278710019335,6.30750862050199,6
156,"Male",31,"Doctor",75,6,"Normal",70,8000,"None",0.583825002852119,0.676540691771847,6.48614963346289,5.02496525951973,7.6
297,"Female",57,"Nurse",75,3,"Overweight",68,7000,"Sleep Apnea",1,0.813693081168438,7.72652548647899,8.27248568516383,8.2
160,"Male",40,"Lawyer",90,5,"Normal",68,8000,"None",0.437023247179317,0.727596786009067,5.90177594255115,7.98907647726733,7.9
119,"Female",53,"Engineer",30,3,"Normal",65,5000,"None",1,0.927045664583255,9.53014024808607,6.97329661743537,8.3
147,"Female",49,"Nurse",90,8,"Overweight",75,10000,"Sleep Apnea",2.65806849739396,0.391943484911673,4.27729090280553,7.14367851172255,6.2
373,"Male",42,"Lawyer",90,5,"Normal",70,8000,"None",-0.146657722740532,0.737219437838377,6.5562815115454,9.20254427764122,7.8
276,"Female",55,"Nurse",75,4,"Overweight",72,5000,"Sleep Apnea",1.42242425657349,0.675077675086465,9.13675986832822,10.3840025513678,8.1
242,"Female",36,"Teacher",60,4,"Normal",68,7000,"None",0.975548688635437,0.805615859656227,3.6994418922173,8.54652176803626,7.2
45,"Female",54,"Engineer",30,3,"Normal",65,5000,"None",1,0.926534686110999,9.95400745178778,10.9622431029767,8.4
273,"Male",49,"Doctor",85,3,"Obese",86,3700,"Sleep Apnea",1,0.239825226697406,5.13677663568724,9.10088323881787,8.1
370,"Female",37,"Accountant",60,4,"Normal",68,7000,"None",0.96394353811987,0.764731208322778,4.47965527953985,6.46962812158679,7.2
177,"Female",53,"Engineer",30,3,"Normal",65,5000,"None",1,0.95853587129837,6.71929259811803,8.80629407980515,8.5
92,"Female",42,"Teacher",45,7,"Overweight",78,5000,"Sleep Apnea",-1.0316128343979,0.326156327662954,6.35466855618233,6.22085770648063,6.8
217,"Female",49,"Nurse",90,8,"Overweight",75,10000,"Sleep Apnea",-2.2223912493548,0.417466190647155,5.66772625723091,5.97861843922218,6.2
88,"Male",43,"Salesperson",45,7,"Overweight",72,6000,"Insomnia",-0.80337285370906,0.561335327700229,6.64332198151287,7.17210844497215,6.5
6,"Male",29,"Teacher",40,7,"Obese",82,3500,"Insomnia",-3.3240184568111,0.236138545598731,6.24990425774551,7.23219820147425,6.3
27,"Female",36,"Teacher",60,4,"Normal",68,7000,"None",0.59230233619709,0.793704932242766,5.4763577311995,10.2123316921957,7.1
117,"Male",42,"Lawyer",90,5,"Normal",70,8000,"None",-0.0549003098233385,0.627793678793417,9.66582547089778,8.0997668283523,7.8
58,"Male",41,"Lawyer",90,5,"Normal",70,8000,"None",1.52642876766163,0.696338921174121,2.26011359395477,7.42360414982347,7.7
7,"Male",43,"Engineer",90,5,"Normal",70,8000,"None",-0.32739443738811,0.68449114240956,6.30585180398888,7.48816284338141,7.8
48,"Male",44,"Salesperson",45,7,"Overweight",72,6000,"None",-0.214495318036033,0.506464203312251,4.73050312101762,6.87594128726944,6.5
343,"Male",39,"Lawyer",60,5,"Normal",68,8000,"None",0.560832282638366,0.72870515822308,5.3132968697081,9.13187384486191,7.2
255,"Female",37,"Accountant",60,4,"Normal",68,7000,"None",0.470909445079258,0.798909199047464,4.76225514714503,8.7830726153218,7.2
174,"Male",37,"Engineer",70,4,"Normal Weight",68,7000,"None",0.590974990705316,0.748032845053447,5.0777248583964,7.60977586295618,7.8
237,"Female",53,"Engineer",30,3,"Normal",65,5000,"None",1,0.934877370641878,10.7205895392523,10.0313918015947,8.5
39,"Male",35,"Engineer",60,4,"Normal",65,5000,"None",1.21978073280154,0.884419518259583,8.49988828012752,7.7906708984415,7.3
316,"Female",48,"Nurse",90,8,"Overweight",75,10000,"Sleep Apnea",-1.70104700454623,0.373023408810857,4.70686678883068,5.68925069238263,5.9
268,"Female",53,"Engineer",30,3,"Normal",65,5000,"None",1,0.940564858023109,6.93294927973464,10.695652799083,8.4
24,"Female",55,"Nurse",75,4,"Overweight",72,5000,"Sleep Apnea",0.661815167438712,0.684883377937356,6.20116081897469,7.23066644625813,8.1
253,"Female",43,"Teacher",45,4,"Overweight",65,6000,"Insomnia",0.211464388878709,0.946947793844266,7.30152320539811,7.477129460005,6.7
250,"Male",38,"Lawyer",60,5,"Normal",68,8000,"None",-1.71778917029664,0.768800731900973,4.65742584412703,8.04258812282437,7.3
203,"Male",38,"Lawyer",60,5,"Normal",68,8000,"None",1.03462827269701,0.76106642986921,5.17716367985849,8.04910993115488,7.1
175,"Male",33,"Doctor",30,8,"Normal",72,5000,"None",-1.5760152396989,0.50587128265233,1.81548329819573,7.53184188253094,6.1
204,"Female",40,"Accountant",55,6,"Normal Weight",73,7300,"None",-2.8702777370078,0.566754157759291,6.13188829251117,9.29261642161494,7.2
350,"Male",44,"Engineer",45,7,"Overweight",78,5000,"Insomnia",-0.32209270550203,0.352380329549952,5.00895879569377,8.35657462740928,6.8
239,"Female",53,"Engineer",30,3,"Normal",65,5000,"None",1,0.949545092627031,7.43101320762777,9.06840270312512,8.5
68,"Male",31,"Doctor",75,6,"Normal",70,8000,"None",-0.0436893686457864,0.593469594102962,9.76040475306974,7.19865838967751,7.7
191,"Male",41,"Lawyer",90,5,"Normal",70,8000,"None",1.87403124709707,0.728772832918808,5.76180881680335,8.0809149530736,7.7
218,"Female",50,"Nurse",90,8,"Overweight",75,10000,"Sleep Apnea",-1.86001971232893,0.4211156706787,3.06706000278988,6.70710349022409,6
214,"Male",33,"Doctor",30,8,"Normal",72,5000,"None",-3.96334041151793,0.466817917236115,2.40017773919107,6.45438590566142,6
252,"Female",52,"Engineer",30,3,"Normal",65,5000,"None",1,0.916723675981105,5.25285979808441,10.0526470672103,8.4
190,"Female",37,"Accountant",60,4,"Normal",68,7000,"None",1.30699611681024,0.79045589211506,10.7076029432408,6.6336134058738,7.2
301,"Female",50,"Nurse",90,8,"Overweight",75,10000,"Sleep Apnea",-6.04646627076737,0.374501473482585,3.48929947953779,5.06950657450713,6.1
113,"Female",59,"Nurse",75,3,"Overweight",68,7000,"Sleep Apnea",1,0.852208483749724,7.50369494143899,9.69957307176801,8.2
351,"Male",44,"Salesperson",45,7,"Overweight",72,6000,"Insomnia",-1.33354470248824,0.578366908537792,6.01887752635549,5.88085596073312,6.3
347,"Female",37,"Accountant",60,4,"Normal",68,7000,"None",0.826230072513933,0.814369516011311,2.39790108835107,8.15374715187572,7.2
345,"Female",50,"Nurse",90,8,"Overweight",75,10000,"Sleep Apnea",2.02928921507251,0.409611638309308,4.43142088551854,5.4219372273514,6
60,"Male",32,"Doctor",75,6,"Normal",70,8000,"None",1.34649803413777,0.616669278476513,6.7400262773693,6.78891275521451,7.7
179,"Male",43,"Salesperson",45,7,"Overweight",72,6000,"Insomnia",-0.521845008479797,0.533265738947431,5.76691021691461,6.34865352518074,6.5
14,"Female",33,"Scientist",50,6,"Overweight",76,5500,"None",-0.471495377184329,0.453524298828359,3.54985208400409,5.36267410275513,6.2
307,"Female",52,"Accountant",45,7,"Overweight",72,6000,"Insomnia",-3.39482545013025,0.571888348906645,5.45177112200151,7.056477154422,6.6
262,"Female",40,"Accountant",55,6,"Normal Weight",73,7300,"None",0.0879854013821948,0.531949314326883,7.26931606439958,6.7415860463584,7.2
328,"Female",43,"Teacher",45,4,"Overweight",65,6000,"Insomnia",0.990518088721566,0.873815331544099,5.10790267929323,7.78554337891056,6.7
344,"Male",30,"Doctor",75,6,"Normal",70,8000,"None",-0.526829837621051,0.620008751428214,5.40741073473575,6.11424958027159,7.9
90,"Female",59,"Nurse",75,3,"Overweight",68,7000,"Sleep Apnea",1,0.859978656398263,7.67449852279879,8.46164229404649,8
61,"Female",58,"Nurse",75,3,"Overweight",68,7000,"Sleep Apnea",1,0.847114924454611,5.11343854153972,9.44702994419412,8
185,"Male",43,"Engineer",90,5,"Normal",70,8000,"Sleep Apnea",0.919572516346101,0.635868519215106,5.50270507133458,7.43224438138642,7.8
274,"Female",44,"Teacher",45,4,"Overweight",65,6000,"Insomnia",0.859029006204569,0.824199222369646,7.64541060679309,7.82886219421567,6.6
366,"Male",39,"Lawyer",60,5,"Normal",68,8000,"None",1.70448757798954,0.725338897916949,7.94657330056732,9.25798015486578,7.2
159,"Female",52,"Accountant",45,7,"Overweight",72,6000,"Insomnia",0.19075309986178,0.539286500726377,4.97324268225191,7.11776191809838,6.6
263,"Female",50,"Nurse",90,8,"Overweight",75,10000,"Sleep Apnea",-0.266098252702022,0.414194587555159,4.59359618925072,8.48672732674152,6.1
13,"Female",57,"Nurse",75,3,"Overweight",68,7000,"Sleep Apnea",1,0.832944615527279,6.64044589130235,9.13654066645589,8.2
363,"Female",50,"Nurse",90,8,"Overweight",75,10000,"Sleep Apnea",0.555086850252057,0.416479497044076,4.71355783011628,5.69154281465602,6
85,"Male",42,"Salesperson",45,7,"Overweight",72,6000,"Insomnia",-1.98590217358788,0.547159262309704,5.62884971777082,7.06547165025783,6.5
240,"Female",29,"Nurse",40,7,"Normal Weight",80,4000,"Sleep Apnea",-2.53965748975693,0.246992509570205,5.48564501641683,4.36102389299133,6.5
9,"Male",35,"Software Engineer",60,5,"Normal Weight",70,8000,"None",0.391184251934988,0.703232908375143,7.77537343261398,7.76286972479736,7.5
131,"Female",38,"Accountant",60,4,"Normal",68,7000,"None",1.04254683757304,0.782215145183806,5.73471405313683,7.77760130926968,7.1
102,"Female",50,"Nurse",90,8,"Overweight",75,10000,"Sleep Apnea",1.34033018972855,0.475384408272629,5.43945251700076,6.66036869682669,6.1
293,"Female",30,"Nurse",35,7,"Normal Weight",78,4100,"Insomnia",2.40430744250394,0.362813822646083,5.08065836735635,5.10022811543147,6.4
371,"Male",42,"Lawyer",90,5,"Normal",70,8000,"None",-0.448032569709412,0.675250199552682,5.09414134696161,6.98243519755602,7.8
163,"Male",28,"Doctor",60,8,"Normal",75,10000,"None",1.24857186722071,0.414318477268037,2.88321838546743,4.29253325736636,6.2
321,"Male",43,"Salesperson",45,7,"Overweight",72,6000,"Insomnia",0.903185279339901,0.544816358348493,4.19094978145098,3.77962693727988,6.5
275,"Female",50,"Nurse",90,8,"Overweight",75,10000,"Sleep Apnea",-1.1298350804407,0.434412454377772,3.71422771619711,7.46683119174959,6
219,"Male",28,"Sales Representative",30,8,"Obese",85,3000,"Sleep Apnea",-5.13638993042751,0.0585228231304964,5.77559960322586,2.92444967857989,5.9
278,"Male",32,"Doctor",30,8,"Normal",72,5000,"None",-2.00802602910629,0.518420123580503,4.46565258539246,5.9160894351894,6.2
365,"Female",59,"Nurse",75,3,"Overweight",68,7000,"Sleep Apnea",1,0.829384583747874,5.24658746637126,8.14977471632507,8.1
168,"Male",32,"Doctor",75,6,"Normal",70,8000,"None",2.86700236221339,0.611242673195029,5.76483336234925,6.37082159278611,7.7
51,"Male",43,"Engineer",90,5,"Normal",70,8000,"None",0.0255323643182326,0.624658137929712,7.15243832194431,8.72136052920023,7.8
300,"Male",30,"Doctor",75,6,"Normal",70,8000,"None",0.872555832416079,0.649720509233793,7.32587206690387,6.60933235763993,7.6
277,"Male",42,"Lawyer",90,5,"Normal",70,8000,"None",-0.294807825417037,0.705436173909705,9.66430347606526,7.67063773324378,7.8
15,"Female",58,"Nurse",75,3,"Overweight",68,7000,"Sleep Apnea",1,0.862143800425601,6.01520954496944,9.49213593045438,8
291,"Male",41,"Lawyer",90,5,"Normal",70,8000,"None",-0.0299773506934855,0.654369289441168,6.12011491321853,7.99137734757552,7.6
16,"Female",31,"Nurse",75,4,"Normal Weight",69,6800,"None",-1.01251875506558,0.743735752863008,4.91947097262417,7.92762954130754,7.9
115,"Female",45,"Teacher",45,4,"Overweight",65,6000,"Insomnia",0.513580311581625,0.903009590681335,4.90075329529874,9.95380216142657,6.5
141,"Male",36,"Teacher",35,7,"Overweight",74,4800,"Insomnia",-0.316041506992008,0.476163110078115,3.98267190874448,4.22140924528989,6.6
97,"Female",45,"Teacher",30,6,"Overweight",65,6000,"Insomnia",-2.28523182652425,0.807229506836533,6.41682164286325,5.82646558208033,6.8
50,"Female",59,"Nurse",75,3,"Overweight",68,7000,"Sleep Apnea",1,0.825634811295208,6.76379627724452,9.15832186119801,8.1
260,"Female",45,"Teacher",45,4,"Overweight",65,6000,"Insomnia",1.24093306926739,0.890970704117212,3.25342168269403,7.29517775099975,6.5
94,"Male",27,"Software Engineer",42,6,"Overweight",77,4200,"None",-1.11744448553257,0.406882017847974,5.77830918818847,6.68119908075485,6.1
249,"Male",43,"Engineer",90,5,"Normal",70,8000,"None",-0.887370626315144,0.68891505727893,6.56142673124129,9.30641042924502,7.8
148,"Female",52,"Accountant",45,7,"Overweight",72,6000,"Insomnia",-0.171700936844047,0.528352591918407,4.97775135226945,6.78078046111867,6.5
36,"Female",37,"Accountant",60,4,"Normal",68,7000,"None",0.861638914262422,0.782711851883516,10.2034635997149,7.36656405254728,7.2
100,"Female",57,"Nurse",75,3,"Overweight",68,7000,"None",1,0.814261210930256,8.73785971379196,8.30125825400135,8.1
47,"Female",45,"Teacher",45,4,"Overweight",65,6000,"Insomnia",1.38750723887437,0.92121664555011,6.98569439622527,7.44571089227787,6.6
225,"Female",57,"Nurse",75,3,"Overweight",68,7000,"Sleep Apnea",1,0.859179785420633,6.20642088943614,8.93254002967318,8.1
304,"Male",41,"Lawyer",90,5,"Normal",70,8000,"None",0.80464760854392,0.693227321467482,8.63276498701084,7.97175282408771,7.7
199,"Female",50,"Nurse",90,8,"Overweight",75,10000,"Sleep Apnea",-2.08909146606801,0.42922041920311,4.99051787936764,5.94654878579872,6
324,"Male",31,"Doctor",75,6,"Normal",70,8000,"None",-1.38962259226101,0.627448617898587,9.09209192115605,7.34719045622748,7.6
338,"Male",44,"Salesperson",45,7,"Overweight",72,6000,"Insomnia",-4.24647052875267,0.570356704386773,4.41240073837717,5.42827677113634,6.3
18,"Male",43,"Salesperson",45,7,"Overweight",72,6000,"Insomnia",-1.51505650385164,0.54255435147544,4.5297118916689,6.42066528932508,6.5
314,"Male",39,"Lawyer",60,5,"Normal",68,8000,"None",1.80597585278411,0.762106482567759,4.78539163022559,6.11522712835581,7.2
99,"Male",35,"Engineer",60,4,"Normal",65,5000,"None",1.26811545415615,0.903823457011611,6.29854806933093,4.74321855980066,7.3
339,"Female",59,"Nurse",75,3,"Overweight",68,7000,"Sleep Apnea",1,0.834917389048552,5.05041626201602,7.69301452540987,8.1
178,"Female",54,"Engineer",30,3,"Normal",65,5000,"None",1,0.970004546182068,5.61132800003078,8.2705997962728,8.5
354,"Male",39,"Engineer",40,7,"Overweight",80,4000,"Insomnia",0.289464394137365,0.305286457113397,4.95330080827857,3.73802828758506,6.5
186,"Female",34,"Scientist",32,8,"Overweight",81,5200,"Sleep Apnea",-1.01655115978093,0.163141210928906,6.01907970441047,6.979730490074,5.8
228,"Female",59,"Nurse",75,3,"Overweight",68,7000,"Sleep Apnea",1,0.857513602266893,6.00684725136758,6.80575562281353,8
140,"Male",30,"Doctor",75,6,"Normal",70,8000,"None",-0.389435100202121,0.609737381392128,10.4535660458554,6.45857215129163,7.8
270,"Female",51,"Engineer",30,3,"Normal",65,5000,"None",1,0.920116687135338,6.10104466146139,7.64088465783122,8.5
134,"Male",35,"Engineer",60,4,"Normal",65,5000,"None",0.0376725665015494,0.917973536260552,5.42902337612037,8.74062547585325,7.2
256,"Male",31,"Doctor",30,8,"Normal",72,5000,"None",0.287374540342174,0.466202166396304,7.02038460463033,8.345190268401,6.1
358,"Male",41,"Lawyer",90,5,"Normal",70,8000,"None",-0.351028224770406,0.716618852731338,4.86630093441465,5.52547437203516,7.6
245,"Male",30,"Doctor",75,6,"Normal",70,8000,"None",0.299630767758508,0.699054195975865,5.56375025379576,5.82313125711603,7.8
157,"Male",31,"Doctor",75,6,"Normal",70,8000,"None",-1.3263256604592,0.658256227786138,9.93941453140223,6.45374125056457,7.6
292,"Male",39,"Lawyer",60,5,"Normal",68,8000,"None",0.808930885275696,0.745915950282352,6.13903788124951,8.44932289689307,7.2
128,"Male",32,"Accountant",50,6,"Normal Weight",68,7000,"None",-1.35206137314801,0.728771092389525,9.30352400588401,10.2559442767405,7.2
236,"Female",50,"Nurse",90,8,"Overweight",75,10000,"Sleep Apnea",0.275816583171437,0.409286431696814,4.86232718710455,6.46995286180268,6
146,"Male",43,"Engineer",90,5,"Normal",70,8000,"None",1.35758117463854,0.671545088394634,6.81344802182608,7.91556564378447,7.7
114,"Female",59,"Nurse",75,3,"Overweight",68,7000,"None",1,0.83742736841184,10.0544260992329,8.11724054086738,8
70,"Female",59,"Nurse",75,3,"Overweight",68,7000,"Sleep Apnea",1,0.858802051575459,7.83710169662813,9.60034989890493,8
122,"Male",48,"Doctor",65,5,"Obese",83,3500,"Insomnia",-0.17513567733476,0.27024363507239,7.64444914571732,6.48654683037166,7.3
2,"Female",53,"Engineer",30,3,"Normal",65,5000,"None",1,0.907917144904511,11.5381551449218,7.12427393606665,8.4
279,"Female",38,"Lawyer",60,5,"Obese",84,3300,"Sleep Apnea",-1.8893235877606,0.191761877889333,6.53056943889818,7.43709151493699,7.4
368,"Male",31,"Doctor",75,6,"Normal",70,8000,"None",1.59731156313094,0.663155349490208,7.71117562708346,7.97908963001985,7.8
205,"Female",36,"Accountant",60,4,"Normal",68,7000,"None",0.77637979778494,0.767061322254254,4.71989198136202,7.76915953789658,7.2
215,"Female",53,"Engineer",30,3,"Normal",65,5000,"None",1,0.91111439589019,9.33975627280912,8.48943039969195,8.4
139,"Male",29,"Doctor",30,8,"Normal",70,8000,"None",1.05090241975177,0.537688630575757,2.5328868830404,5.40249246239784,6.1
171,"Female",30,"Nurse",35,7,"Normal Weight",78,4100,"Sleep Apnea",2.50577331127063,0.311992540108638,6.52245317127938,6.21016999260096,6.4
303,"Female",59,"Nurse",75,3,"Overweight",68,7000,"Sleep Apnea",1,0.895163899464286,11.9387008712302,9.17431290088861,8.1
286,"Female",36,"Teacher",60,4,"Normal",68,7000,"None",-0.148474877329679,0.819572141189648,7.00036588381688,8.37120730374309,7.2
59,"Female",52,"Accountant",45,7,"Overweight",72,6000,"Insomnia",2.7207513692243,0.53292882803047,3.16879939251868,7.14699595347456,6.6
336,"Female",51,"Nurse",55,6,"Normal Weight",72,6000,"None",0.392780308651702,0.615656818363598,4.94209237401218,8.95827491159265,7.1
295,"Female",38,"Accountant",60,4,"Normal",68,7000,"None",2.04311321012884,0.771955491546961,5.78545717882116,8.87208106238746,7.1
125,"Female",53,"Engineer",30,3,"Normal",65,5000,"None",1,0.918898544529676,6.71314637367622,10.8662272975682,8.5
82,"Female",44,"Teacher",45,4,"Overweight",65,6000,"Insomnia",-0.155128501093398,0.893172785970031,5.9403790762163,6.81744266219692,6.5
101,"Female",57,"Nurse",75,3,"Overweight",68,7000,"Sleep Apnea",1,0.828641841532375,5.00169861709907,8.49555845922707,8.2
33,"Female",44,"Teacher",45,4,"Overweight",65,6000,"Insomnia",1.06325852978224,0.909001203084258,5.37872403318013,7.40813215223665,6.5
53,"Female",39,"Accountant",80,3,"Normal Weight",67,7500,"None",1,0.849045174080477,5.52591727580623,8.55189845154747,8
40,"Female",53,"Engineer",30,3,"Normal",65,5000,"None",1,0.949167046148664,10.5070946728177,9.80795423593467,8.5
267,"Female",36,"Accountant",60,4,"Normal",68,7000,"None",0.116365862228439,0.833044757634472,6.55575899385276,7.72946776166541,7.1
67,"Male",43,"Salesperson",45,7,"Overweight",72,6000,"Insomnia",-0.95666386465685,0.53651421799387,4.9784584363706,5.74080593696253,6.5
155,"Female",38,"Accountant",60,4,"Normal",68,7000,"None",0.0762984223091445,0.795554871611927,9.07624488504343,8.073620773463,7.1
284,"Male",29,"Doctor",30,8,"Normal",70,8000,"None",-3.3666225307983,0.574807605431404,4.62186335344522,5.74889689011454,6
332,"Female",59,"Nurse",75,3,"Overweight",68,7000,"Sleep Apnea",1,0.819987963664544,9.02725541007039,8.70300115169019,8
105,"Female",45,"Teacher",45,4,"Overweight",65,6000,"None",1.11825894362406,0.90720176879164,5.46453579450299,6.84476568502695,6.6
129,"Female",38,"Accountant",60,4,"Normal",68,7000,"None",-0.072173553937855,0.839264486906443,7.66723023927657,6.46210360091841,7.1
151,"Male",39,"Lawyer",60,5,"Normal",68,8000,"None",1.14172537281957,0.749427403197066,4.67239261618404,6.41447049831236,7.2
296,"Male",32,"Doctor",30,8,"Normal",72,5000,"None",-2.58186790629628,0.481174078537828,3.31680102690928,7.05094157327884,6
64,"Female",44,"Teacher",45,4,"Overweight",65,6000,"Insomnia",1.53968046743447,0.88475393845417,5.55106130069964,8.57943478459885,6.6
317,"Male",41,"Lawyer",90,5,"Normal",70,8000,"None",-0.740827031354087,0.715492746224645,6.33114432413485,7.04389286315997,7.7
334,"Female",45,"Teacher",45,4,"Overweight",65,6000,"Insomnia",0.0628778076190892,0.927391544193443,5.41901155830249,7.77511627948501,6.6
327,"Male",43,"Salesperson",45,7,"Overweight",72,6000,"Insomnia",-3.42829169868813,0.519751593600922,7.35816109919787,3.62791570758064,6.5
230,"Female",57,"Nurse",75,3,"Overweight",68,7000,"Sleep Apnea",1,0.801380804093391,5.83784214639257,7.51065203987517,8.1
137,"Male",32,"Doctor",30,8,"Normal",72,5000,"None",1.84977947111904,0.447722859229686,4.35612704085653,4.64612325991338,6.2
233,"Male",31,"Doctor",75,6,"Normal",70,8000,"None",3.36114437681833,0.647464621484187,11.86681194157,6.79897174145897,7.8
265,"Female",42,"Teacher",45,7,"Overweight",78,5000,"Sleep Apnea",1.17387519935155,0.309438067431244,6.95547231286993,7.31557670582623,6.8
135,"Male",49,"Doctor",85,3,"Obese",86,3700,"Sleep Apnea",1,0.237299290708248,7.18387983195373,9.91489618379637,8.1
91,"Female",51,"Engineer",30,3,"Normal",65,5000,"None",1,0.92809390996159,8.94883902354717,9.7099439765993,8.5
